bootstrap_bytes,case,checker_us,eligible,frontier,frontier_entry_bytes,full_set_setup_us,producer_us,records,regime,direct_median_us,direct_min_us,direct_max_us,full-compiled_median_us,full-compiled_min_us,full-compiled_max_us,verified_median_us,verified_min_us,verified_max_us,full-set-cache_median_us,full-set-cache_min_us,full-set-cache_max_us
9407,scale-shared-256,2776.607,256,1,94,2450.628,2775.286,256,shared,113.8167734375,113.510859375,116.065953125,14.1261875,14.01946875,16.883921875,0.7402265625,0.7273984375,0.7596328125,16.1353984375,15.99675,16.7776640625
18623,scale-shared-512,5277.509,512,1,94,4867.877,5156.861,512,shared,233.0085078125,232.0846484375,238.4881328125,27.9371484375,27.657203125,28.4585390625,0.7705859375,0.7478984375,0.9916171875,30.9349921875,30.792125,31.90384375
37056,scale-shared-1024,12603.675,1024,1,94,57408.277,10627.556,1024,shared,493.5212578125,486.848390625,511.162234375,59.0056171875,57.0553984375,75.892046875,0.8358359375,0.831296875,0.85,64.7655,62.145546875,74.0066484375
72192,scale-shared-2000,68016.274,2000,1,94,19732.08,20844.808,2000,shared,996.2088984375,976.5502734375,1026.138828125,119.1390703125,110.0149296875,124.1052890625,0.8578203125,0.78303125,1.433359375,130.2263359375,127.9070546875,131.9109140625
27528,scale-private-256,9793.298,256,256,27393,2638.234,11638.184,256,private,144.07140625,132.5501484375,146.6130390625,16.759359375,16.588875,26.692578125,16.3280234375,15.802796875,17.660765625,16.568140625,15.8105390625,19.62521875
54920,scale-private-512,33052.581,512,512,54785,5207.747,37813.329,512,private,259.472390625,252.26459375,306.91990625,34.7730703125,33.6956171875,36.275828125,32.8540625,30.6319765625,35.8035703125,32.2898046875,31.310703125,34.3058203125
109705,scale-private-1024,115824.358,1024,1024,109569,48849.867,135925.041,1024,private,509.284546875,508.105234375,525.395375,74.4293359375,72.5290390625,74.6862109375,65.014234375,63.6483203125,67.36409375,66.1751640625,64.445421875,70.6593359375
214137,scale-private-2000,415806.062,2000,2000,214001,21594.491,662689.277,2000,private,1042.4242734375,1001.897734375,1143.52984375,164.7569296875,164.103625,171.435359375,125.89409375,122.393390625,137.99253125,127.1190234375,125.31065625,129.2464453125
9637,scale-chain-256,15093.892,256,4,433,16093.124,3061.007,256,chain,115.2518671875,112.2121640625,127.6536484375,9.3645703125,9.253859375,9.40196875,0.889046875,0.8633828125,0.9306640625,11.5470078125,11.4214296875,11.9328828125
18853,scale-chain-512,49775.722,512,4,433,50944.483,6305.273,512,chain,232.8779296875,230.93921875,254.9200703125,18.8772421875,18.434484375,19.82403125,0.954296875,0.859859375,1.3413515625,22.434359375,22.1788203125,24.1736328125
37286,scale-chain-1024,184992.445,1024,4,433,226356.073,11865.809,1024,chain,468.7481640625,464.4175703125,473.48678125,36.9939140625,36.9260078125,38.5391640625,0.9436484375,0.931453125,1.0646171875,44.5280546875,44.2262109375,46.9613984375
72422,scale-chain-2000,796576.858,2000,4,433,772100.073,22527.826,2000,chain,944.8256640625,926.0031953125,961.6663203125,73.5672109375,71.5568359375,73.8518515625,1.02784375,0.9143125,2.5950703125,89.5716328125,87.3315390625,98.904125
