case,regime,records,method,batch,query_calls,wall_ns,cpu_ns,wall_us_per_query
scale-private-1024,private,1024,direct,0,128,65037470,63986546,508.105234375
scale-private-1024,private,1024,full-compiled,0,128,9559835,11999054,74.6862109375
scale-private-1024,private,1024,verified,0,128,8622604,8024923,67.36409375
scale-private-1024,private,1024,full-set-cache,0,128,9044395,8000518,70.6593359375
scale-private-1024,private,1024,full-compiled,1,128,9555637,7989241,74.6534140625
scale-private-1024,private,1024,verified,1,128,8146985,7987398,63.6483203125
scale-private-1024,private,1024,full-set-cache,1,128,8470421,12011663,66.1751640625
scale-private-1024,private,1024,direct,1,128,65153770,63987096,509.013828125
scale-private-1024,private,1024,verified,2,128,8366578,7999366,65.363890625
scale-private-1024,private,1024,full-set-cache,2,128,8408889,8000408,65.6944453125
scale-private-1024,private,1024,direct,2,128,65188422,64001988,509.284546875
scale-private-1024,private,1024,full-compiled,2,128,9526955,11999134,74.4293359375
scale-private-1024,private,1024,full-set-cache,3,128,8249014,8014879,64.445421875
scale-private-1024,private,1024,direct,3,128,67250608,68002647,525.395375
scale-private-1024,private,1024,full-compiled,3,128,9283717,7973698,72.5290390625
scale-private-1024,private,1024,verified,3,128,8218610,7999957,64.207890625
scale-private-1024,private,1024,direct,4,128,66096449,64001347,516.3785078125
scale-private-1024,private,1024,full-compiled,4,128,9514507,12020897,74.3320859375
scale-private-1024,private,1024,verified,4,128,8321822,7978194,65.014234375
scale-private-1024,private,1024,full-set-cache,4,128,8538681,8021209,66.7084453125
