case,regime,query,records,events,eligible,frontier,bootstrap_bytes,frontier_entry_bytes,producer_parse_us,checker_parse_us,certificate_us,check_us
trace-128,clock-interval,0,103,103,47,7,2319,715,1129.523,984.42,137.112,206.934
trace-128,clock-interval,1,103,103,40,4,2136,411,1129.523,984.42,85.345,182.458
trace-129,clock-interval,0,103,103,44,7,2286,676,1015.455,954.666,99.597,229.248
trace-129,clock-interval,1,103,103,45,4,2094,379,1015.455,954.666,83.052,167.716
trace-130,clock-interval,0,103,103,43,7,2327,715,982.897,929.358,89.312,169.61
trace-130,clock-interval,1,103,103,43,6,2263,616,982.897,929.358,108.56,169.52
trace-131,clock-interval,0,103,103,44,6,2219,573,999.562,932.873,93.207,159.194
trace-131,clock-interval,1,103,103,48,4,2111,401,999.562,932.873,88.58,187.586
trace-132,clock-interval,0,103,104,31,4,2134,390,1014.464,956.808,78.105,151.904
trace-132,clock-interval,1,103,104,33,6,2334,667,1014.464,956.808,84.745,184.021
trace-133,clock-interval,0,103,103,43,11,2622,1154,1147.95,941.065,95.671,186.314
trace-133,clock-interval,1,103,103,43,7,2390,779,1147.95,941.065,90.613,197.08
trace-134,clock-interval,0,103,103,46,8,2398,828,994.464,928.086,102.621,179.093
trace-134,clock-interval,1,103,103,48,6,2296,658,994.464,928.086,93.598,198.752
trace-135,clock-interval,0,103,103,45,11,2628,1164,1008.114,941.656,110.122,185.603
trace-135,clock-interval,1,103,103,48,8,2386,820,1008.114,941.656,92.607,193.104
trace-136,clock-interval,0,103,103,46,4,2104,390,985.651,929.578,96.042,158.904
trace-136,clock-interval,1,103,103,43,6,2295,648,985.651,929.578,92.296,176.05
trace-137,clock-interval,0,103,103,42,4,2122,400,992.021,929.468,90.043,157.221
trace-137,clock-interval,1,103,103,43,3,2033,278,992.021,929.468,87.398,162.85
trace-138,clock-interval,0,103,103,46,4,2093,379,1005.1,926.294,94.279,185.874
trace-138,clock-interval,1,103,103,43,9,2482,943,1005.1,926.294,86.858,181.707
trace-139,clock-interval,0,103,103,47,3,2035,287,997.178,913.175,89.672,155.058
trace-139,clock-interval,1,103,103,48,5,2177,503,997.178,913.175,96.341,171.633
trace-140,clock-interval,0,103,103,44,5,2173,491,984.169,901.697,96.061,157.412
trace-140,clock-interval,1,103,103,47,10,2510,1015,984.169,901.697,128.81,188.878
trace-141,clock-interval,0,103,103,47,10,2518,1022,1144.175,916.77,96.172,179.775
trace-141,clock-interval,1,103,103,45,4,2094,379,1144.175,916.77,86.167,169.209
trace-142,clock-interval,0,103,103,45,8,2401,829,1039.871,931.061,94.639,172.635
trace-142,clock-interval,1,103,103,47,5,2189,514,1039.871,931.061,134.959,171.673
trace-143,clock-interval,0,103,104,27,8,2405,797,1022.856,932.653,77.834,155.549
trace-143,clock-interval,1,103,104,32,4,2153,412,1022.856,932.653,72.336,200.094
trace-144,clock-interval,0,103,103,48,7,2308,705,1016.626,921.486,101.92,179.294
trace-144,clock-interval,1,103,103,47,2,1979,196,1016.626,921.486,85.676,201.657
trace-145,clock-interval,0,103,103,48,6,2262,623,1086.96,919.584,101.239,179.364
trace-145,clock-interval,1,103,103,46,6,2215,574,1086.96,919.584,91.555,205.863
trace-146,clock-interval,0,103,103,47,13,2756,1368,999.461,911.251,108.92,190.09
trace-146,clock-interval,1,103,103,42,5,2199,514,999.461,911.251,86.477,205.893
trace-147,clock-interval,0,103,103,47,6,2214,574,1021.734,919.574,100.037,165.324
trace-147,clock-interval,1,103,103,48,5,2197,523,1021.734,919.574,99.707,227.414
trace-148,clock-interval,0,103,103,48,8,2374,807,1028.474,928.487,112.245,194.767
trace-148,clock-interval,1,103,103,43,5,2165,482,1028.474,928.487,94.019,176.97
trace-149,clock-interval,0,103,103,47,7,2289,685,3031.693,1013.051,105.044,181.177
trace-149,clock-interval,1,103,103,43,6,2252,605,3031.693,1013.051,94.429,175.749
trace-150,clock-interval,0,103,103,45,5,2181,501,1105.648,916.619,95.661,182.188
trace-150,clock-interval,1,103,103,47,5,2168,493,1105.648,916.619,91.565,169.57
trace-151,clock-interval,0,103,103,47,9,2431,899,1019.42,918.452,116.612,180.196
trace-151,clock-interval,1,103,103,47,6,2308,669,1019.42,918.452,97.684,183.59
trace-152,clock-interval,0,103,103,44,9,2429,891,1027.743,952.983,99.647,178.472
trace-152,clock-interval,1,103,103,45,8,2473,902,1027.743,952.983,141.788,192.133
trace-153,clock-interval,0,103,103,45,10,2551,1051,1014.354,943.78,104.604,175.889
trace-153,clock-interval,1,103,103,45,1,1916,93,1014.354,943.78,85.256,160.416
trace-154,clock-interval,0,103,104,33,3,2054,278,1022.616,968.065,80.579,195.297
trace-154,clock-interval,1,103,104,41,5,2189,502,1022.616,968.065,83.243,166.696
trace-155,clock-interval,0,103,103,44,4,2097,379,1000.283,936.469,91.625,160.406
trace-155,clock-interval,1,103,103,46,7,2336,731,1000.283,936.469,100.498,178.032
trace-156,clock-interval,0,103,103,46,6,2217,575,1001.815,943.119,98.635,206.694
trace-156,clock-interval,1,103,103,41,6,2267,616,1001.815,943.119,87.89,177.642
trace-157,clock-interval,0,103,103,44,3,2041,287,1183.092,915.437,92.756,155.689
trace-157,clock-interval,1,103,103,47,7,2374,771,1183.092,915.437,98.475,182.489
trace-158,clock-interval,0,103,103,42,11,2585,1115,1007.994,909.119,101.119,177.601
trace-158,clock-interval,1,103,103,46,6,2279,638,1007.994,909.119,89.522,170.481
trace-159,clock-interval,0,103,103,43,5,2166,482,1008.184,898.853,124.924,158.343
trace-159,clock-interval,1,103,103,44,6,2251,606,1008.184,898.853,93.097,178.072
